{"cameraMode":{"drawMode":0,"name":"Shaded","section":"Shading Mode"},"sceneLighting":true,"audioPlay":false,"sceneViewState":{"showFog":true,"showMaterialUpdate":false,"showSkybox":true,"showFlares":true,"showImageEffects":true,"showParticleSystems":true},"in2DMode":false,"pivot":{"x":-2.1161112785339357,"y":1.3735212087631226,"z":-0.5876026749610901},"rotation":{"x":0.28185394406318667,"y":0.37888678908348086,"z":-0.12233344465494156,"w":0.8729478120803833},"size":0.8149153590202332,"orthographic":false}