{"cameraMode":{"drawMode":0,"name":"Shaded","section":"Shading Mode"},"sceneLighting":true,"audioPlay":false,"sceneViewState":{"showFog":true,"showMaterialUpdate":false,"showSkybox":true,"showFlares":true,"showImageEffects":true,"showParticleSystems":true},"in2DMode":false,"pivot":{"x":-1.977187156677246,"y":1.2823212146759034,"z":0.12763825058937074},"rotation":{"x":-0.10247121751308441,"y":0.7799229621887207,"z":-0.13252054154872895,"w":-0.6030533909797669},"size":0.9625174403190613,"orthographic":false}